year,rank,uri,wk_title,wk_artist,sp_title,sp_artist
2020,1,spotify:track:0VjIjW4GlUZAMYd2vXMi3b,Blinding Lights,The Weeknd,Blinding Lights,['The Weeknd']
2020,2,spotify:track:21jGcNKet2qwijlDFuPiPb,Circles,Post Malone,Circles,['Post Malone']
2020,3,spotify:track:0nbXyq5TXYPCO7pr3N8S4I,The Box,Roddy Ricch,The Box,['Roddy Ricch']
2020,4,spotify:track:3PfIrDoz19wz7qK7tYeu62,Don't Start Now,Dua Lipa,Don't Start Now,['Dua Lipa']
2020,5,spotify:track:7ytR5pFWmSjzHJIeQkgog4,Rockstar,DaBaby  Roddy Ricch,ROCKSTAR (feat. Roddy Ricch),"['DaBaby', 'Roddy Ricch']"
2020,6,spotify:track:3jjujdWJ72nww5eGnfs2E7,Adore You,Harry Styles,Adore You,['Harry Styles']
2020,7,spotify:track:5yY9lUy8nbvjM1Uyo1Uqoc,Life Is Good,Future  Drake,Life Is Good (feat. Drake),"['Future', 'Drake']"
2020,8,spotify:track:4cktbXiXOapiLBMprHFErI,Memories,Maroon 5,Memories,['Maroon 5']
2020,9,spotify:track:7yFhA2fUsL2oIMWlw5DaHQ,The Bones,Maren Morris,The Bones,['Maren Morris']
2020,10,spotify:track:7qEHsqek33rTcFNT9PFqLf,Someone You Loved,Lewis Capaldi,Someone You Loved,['Lewis Capaldi']
2020,11,spotify:track:3Dv1eDb0MEgF93GpLXlucZ,Say So,Doja Cat,Say So,['Doja Cat']
2020,12,spotify:track:5cYFwgA5dHoqR3xGnlr9ew,I Hope,Gabby Barrett  Charlie Puth,I Hope (feat. Charlie Puth),"['Gabby Barrett', 'Charlie Puth']"
2020,13,spotify:track:2MbdDtCv5LUVjYy9RuGTgC,Whats Poppin,"Jack Harlow  DaBaby, Tory Lanez and Lil Wayne","WHATS POPPIN (feat. DaBaby, Tory Lanez & Lil Wayne) - Remix","['Jack Harlow', 'Tory Lanez', 'DaBaby', 'Lil Wayne']"
2020,14,spotify:track:2N8m6CYs74qQO4mjVcXO30,Dance Monkey,Tones and I,Dance Monkey,['Tones And I']
2020,15,spotify:track:5v4GgrXPMghOnBBLmveLac,Savage,Megan Thee Stallion  Beyoncé,Savage Remix (feat. Beyoncé),"['Megan Thee Stallion', 'Beyoncé']"
2020,16,spotify:track:696DnlkuDOXcMAnKlTgXXK,Roxanne,Arizona Zervas,ROXANNE,['Arizona Zervas']
2020,17,spotify:track:4umIPjkehX1r7uhmGvXiSV,Intentions,Justin Bieber  Quavo,Intentions (feat. Quavo),"['Justin Bieber', 'Quavo']"
2020,18,spotify:track:3ZCTVFBt2Brf31RLEnCkWJ,Everything I Wanted,Billie Eilish,everything i wanted,['Billie Eilish']
2020,19,spotify:track:72GVdRHK49beKrC1NqRCqj,Roses (Imanbek remix),Saint Jhn,Roses - Imanbek Remix,"['SAINt JHN', 'Imanbek']"
2020,20,spotify:track:6UelLqGlWMcVH1E5c4H7lY,Watermelon Sugar,Harry Styles,Watermelon Sugar,['Harry Styles']
2020,21,spotify:track:2gMXnyrvIjhVBUZwvLZDMP,Before You Go,Lewis Capaldi,Before You Go,['Lewis Capaldi']
2020,22,spotify:track:26XaOsDMbl0e1cVKYfkz6w,Falling,Trevor Daniel,Falling,['Trevor Daniel']
2020,23,spotify:track:2wrJq5XKLnmhRXHIAf9xBa,"10,000 Hours",Dan + Shay and Justin Bieber,"10,000 Hours (with Justin Bieber)","['Dan + Shay', 'Justin Bieber']"
2020,24,spotify:track:4Oun2ylbjFKMPTiaSbbCih,WAP,Cardi B  Megan Thee Stallion,WAP (feat. Megan Thee Stallion),"['Cardi B', 'Megan Thee Stallion']"
2020,25,spotify:track:6N3VU0PHaFp5oxtN6vP4mv,Ballin',Mustard and Roddy Ricch,Ballin’,"['Mustard', 'Roddy Ricch']"
2020,26,spotify:track:6jRq8gaZhMUyy5RclRPcAf,Hot Girl Bummer,Blackbear,hot girl bummer,['blackbear']
2020,27,spotify:track:6wJYhPfqk3KGhHRG76WzOh,Blueberry Faygo,Lil Mosey,Blueberry Faygo,['Lil Mosey']
2020,28,spotify:track:6bnF93Rx87YqUBLSgjiMU8,Heartless,The Weeknd,Heartless,['The Weeknd']
2020,29,spotify:track:6Ozh9Ok6h4Oi1wUSLtBseN,Bop,DaBaby,BOP,['DaBaby']
2020,30,spotify:track:4l0Mvzj72xxOpRrp6h8nHi,Lose You to Love Me,Selena Gomez,Lose You To Love Me,['Selena Gomez']
2020,31,spotify:track:6KgBpzTuTRPebChN0VTyzV,Good as Hell,Lizzo,Good as Hell,['Lizzo']
2020,32,spotify:track:127QTOFJsJQp5LbJbu3A1y,Toosie Slide,Drake,Toosie Slide,['Drake']
2020,33,spotify:track:017PF4Q3l4DBUiWoXk4OWT,Break My Heart,Dua Lipa,Break My Heart,['Dua Lipa']
2020,34,spotify:track:0WiyWiJDkNCyGNqkv7NByy,Chasin' You,Morgan Wallen,Chasin' You,['Morgan Wallen']
2020,35,spotify:track:1xQ6trAsedVPCdbtDAmk0c,Savage Love (Laxed – Siren Beat),Jawsh 685 and Jason Derulo,Savage Love (Laxed - Siren Beat),"['Jawsh 685', 'Jason Derulo']"
2020,36,spotify:track:6XHVuErjQ4XNm6nDPVCxVX,No Guidance,Chris Brown  Drake,No Guidance (feat. Drake),"['Chris Brown', 'Drake']"
2020,37,spotify:track:3yOlyBJuViE2YSGn3nVE1K,My Oh My,Camila Cabello  DaBaby,My Oh My (feat. DaBaby),"['Camila Cabello', 'DaBaby']"
2020,38,spotify:track:5QDLhrAOJJdNAmCTJ8xMyW,Dynamite,BTS,Dynamite,['BTS']
2020,39,spotify:track:1IIKrJVP1C9N7iPtG6eOsK,Go Crazy,Chris Brown and Young Thug,Go Crazy,"['Chris Brown', 'Young Thug']"
2020,40,spotify:track:07KXEDMj78x68D884wgVEm,High Fashion,Roddy Ricch  Mustard,High Fashion (feat. Mustard),"['Roddy Ricch', 'Mustard']"
2020,41,spotify:track:2SAqBLGA283SUiwJ3xOUVI,Laugh Now Cry Later,Drake  Lil Durk,Laugh Now Cry Later (feat. Lil Durk),"['Drake', 'Lil Durk']"
2020,42,spotify:track:4P1GuhD2Su9jjyRDPdbeUf,Woah,Lil Baby,Woah,['Lil Baby']
2020,43,spotify:track:7eJMfftS33KTjuF7lTsMCx,Death Bed,Powfu  Beabadoobee,death bed (coffee for your head),"['Powfu', 'beabadoobee']"
2020,44,spotify:track:6v3KW9xbzN5yKLt9YKDYA2,Señorita,Shawn Mendes and Camila Cabello,Señorita,"['Shawn Mendes', 'Camila Cabello']"
2020,45,spotify:track:3eekarcy7kvN4yt5ZFzltW,Highest in the Room,Travis Scott,HIGHEST IN THE ROOM,['Travis Scott']
2020,46,spotify:track:2Fxmhks0bxGSBdJ92vM42m,Bad Guy,Billie Eilish,bad guy,['Billie Eilish']
2020,47,spotify:track:4jPy3l0RUwlUI9T5XHBW2m,Mood,24kGoldn  Iann Dior,Mood (feat. iann dior),"['24kGoldn', 'iann dior']"
2020,48,spotify:track:7ju97lgwC2rKQ6wwsf9no9,Rain on Me,Lady Gaga and Ariana Grande,Rain On Me (with Ariana Grande),"['Lady Gaga', 'Ariana Grande']"
2020,49,spotify:track:0PvFJmanyNQMseIFrU708S,For the Night,Pop Smoke  Lil Baby and DaBaby,For The Night (feat. Lil Baby & DaBaby),"['Pop Smoke', 'Lil Baby', 'DaBaby']"
2020,50,spotify:track:6cy3ki60hLwimwIje7tALf,Ritmo (Bad Boys for Life),Black Eyed Peas and J Balvin,RITMO (Bad Boys For Life),"['Black Eyed Peas', 'J Balvin']"
2020,51,spotify:track:591ks2A0o7ratTpiRdI7M6,Heart on Ice,Rod Wave,Heart On Ice,['Rod Wave']
2020,52,spotify:track:4hbs0Y8EqyDBoA0G5aM1Z0,Nobody but You,Blake Shelton and Gwen Stefani,Nobody but You,"['Blake Shelton', 'Gwen Stefani']"
2020,53,spotify:track:0lsRatBUs9HNIZAmoGABzk,Trampoline,Shaed,Trampoline,['SHAED']
2020,54,spotify:track:2Y0wPrPQBrGhoLn14xRYCG,Come & Go,Juice Wrld and Marshmello,Come & Go (with Marshmello),"['Juice WRLD', 'Marshmello']"
2020,55,spotify:track:3HWzoMvoF3TQfYg4UPszDq,Truth Hurts,Lizzo,Truth Hurts,['Lizzo']
2020,56,spotify:track:77MdvMx9L4ZQuLhhn3o21h,If the World Was Ending,JP Saxe  Julia Michaels,If the World Was Ending (feat. Julia Michaels),"['JP Saxe', 'Julia Michaels']"
2020,57,spotify:track:5U9KcmYXnuW92p1XdjBeTm,We Paid,Lil Baby and 42 Dugg,We Paid,"['Lil Baby', '42 Dugg']"
2020,58,spotify:track:41L3O37CECZt3N7ziG2z7l,Yummy,Justin Bieber,Yummy,['Justin Bieber']
2020,59,spotify:track:7cA3PnUQDlUyBBwpRozQeo,One Man Band,Old Dominion,One Man Band,['Old Dominion']
2020,60,spotify:track:4TCc369aRPRubv1m8R1TBG,Got What I Got,Jason Aldean,Got What I Got,['Jason Aldean']
2020,61,spotify:track:1qYKWcEOrh2tM8PlgIm8K1,Sunday Best,Surfaces,Sunday Best,['Surfaces']
2020,62,spotify:track:7FIWs0pqAYbP91WWM0vlTQ,Godzilla,Eminem  Juice Wrld,Godzilla (feat. Juice WRLD),"['Eminem', 'Juice WRLD']"
2020,63,spotify:track:1oWM79mUVdZGCGYjSirHZR,Bandit,Juice Wrld and YoungBoy Never Broke Again,Bandit (with YoungBoy Never Broke Again),"['Juice WRLD', 'YoungBoy Never Broke Again']"
2020,64,spotify:track:5RqR4ZCCKJDcBLIn4sih9l,Party Girl,StaySolidRocky,Party Girl,['StaySolidRocky']
2020,65,spotify:track:3DA4SE262k6rdEtlHteNyq,Die from a Broken Heart,Maddie & Tae,Die From A Broken Heart,['Maddie & Tae']
2020,66,spotify:track:6EDO9iiTtwNv6waLwa1UUq,Popstar,DJ Khaled  Drake,POPSTAR (feat. Drake),"['DJ Khaled', 'Drake']"
2020,67,spotify:track:0bYg9bo50gSsH3LtXe2SQn,All I Want for Christmas Is You,Mariah Carey,All I Want for Christmas Is You,['Mariah Carey']
2020,68,spotify:track:14GwnOeC9qYEKEA6uOZepa,One of Them Girls,Lee Brice,One Of Them Girls,['Lee Brice']
2020,69,spotify:track:10xuH52YSXHWFwCaF1fsDd,Hard to Forget,Sam Hunt,Hard To Forget,['Sam Hunt']
2020,70,spotify:track:6NhS5LwYbJ6xD7BGvlWRJO,One Margarita,Luke Bryan,One Margarita,['Luke Bryan']
2020,71,spotify:track:1000nHvUdawXuUHgBod4Wv,Panini,Lil Nas X,Panini,['Lil Nas X']
2020,72,spotify:track:4ea9w8c4ROqiZpJVhfBA3m,Hot,Young Thug  Gunna,Hot (Remix) [feat. Gunna and Travis Scott],"['Young Thug', 'Travis Scott', 'Gunna']"
2020,73,spotify:track:0Al3wN3keprGTSgG8NBwjr,I Hope You're Happy Now,Carly Pearce and Lee Brice,I Hope You’re Happy Now,"['Carly Pearce', 'Lee Brice']"
2020,74,spotify:track:7ge7BHazYbVKi8qyZUX1Bm,Emotionally Scarred,Lil Baby,Emotionally Scarred,['Lil Baby']
2020,75,spotify:track:4S2uhQE8L9V6p7rj7SiauJ,Suicidal,YNW Melly  Juice Wrld,Suicidal (feat. Juice WRLD) - Remix,"['YNW Melly', 'Juice WRLD']"
2020,76,spotify:track:44gRhRi2OhEf7moAUj6MD1,The Bigger Picture,Lil Baby,The Bigger Picture,['Lil Baby']
2020,77,spotify:track:0DiDStADDVh3SvAsoJAFMk,Only Human,Jonas Brothers,Only Human,['Jonas Brothers']
2020,78,spotify:track:1H7KnK26kc1YyellpbINEn,The Woo,Pop Smoke  50 Cent and Roddy Ricch,The Woo (feat. 50 Cent & Roddy Ricch),"['Pop Smoke', '50 Cent', 'Roddy Ricch']"
2020,79,spotify:track:2u3EyuCqqV31woqGvO9LBz,Sum 2 Prove,Lil Baby,Sum 2 Prove,['Lil Baby']
2020,80,spotify:track:4HBZA5flZLE435QTztThqH,Stuck with U,Ariana Grande and Justin Bieber,Stuck with U (with Justin Bieber),"['Ariana Grande', 'Justin Bieber']"
2020,81,spotify:track:5rZlwNFl01HqLWBQGryKSm,Mood Swings,Pop Smoke  Lil Tjay,Mood Swings (feat. Lil Tjay),"['Pop Smoke', 'Lil Tjay']"
2020,82,spotify:track:7lidXGPXPYLNThITAOTlkK,You Should Be Sad,Halsey,You should be sad,['Halsey']
2020,83,spotify:track:79s5XnCN4TJKTVMSmOx8Ep,Dior,Pop Smoke,Dior,['Pop Smoke']
2020,84,spotify:track:4nK5YrxbMGZstTLbvj6Gxw,Supalonely,Benee  Gus Dapperton,Supalonely,"['BENEE', 'Gus Dapperton']"
2020,85,spotify:track:5Fhe63YOMZsGdB3CgCDuBi,Even Though I'm Leaving,Luke Combs,Even Though I'm Leaving,['Luke Combs']
2020,86,spotify:track:39Yp9wwQiSRIDOvrVg7mbk,The Scotts,The Scotts (Travis Scott and Kid Cudi),THE SCOTTS,"['THE SCOTTS', 'Travis Scott', 'Kid Cudi']"
2020,87,spotify:track:7f5trao56t7sB7f14QDTmp,Juicy,Doja Cat and Tyga,Juicy,"['Doja Cat', 'Tyga']"
2020,88,spotify:track:5f1joOtoMeyppIcJGZQvqJ,Be Like That,"Kane Brown, Swae Lee and Khalid",Be Like That - feat. Swae Lee & Khalid,"['Kane Brown', 'Swae Lee', 'Khalid']"
2020,89,spotify:track:30RZAuEkYeDXvy46Iv6l7E,Homesick,Kane Brown,Homesick,['Kane Brown']
2020,90,spotify:track:0qg0GJp7HSewRCVPP4fKGk,Rags2Riches,Rod Wave  ATR Son Son,Rags2Riches (feat. ATR Son Son),"['Rod Wave', 'ATR Son Son']"
2020,91,spotify:track:0kPeZAyIhIfeZNrtfjJGDB,Bluebird,Miranda Lambert,Bluebird,['Miranda Lambert']
2020,92,spotify:track:2U5WueTLIK5WJLD7mvDODv,Wishing Well,Juice Wrld,Wishing Well,['Juice WRLD']
2020,93,spotify:track:0nGXi46VcQQ56ZJR428MKS,Does to Me,Luke Combs  Eric Church,Does To Me (feat. Eric Church),"['Luke Combs', 'Eric Church']"
2020,94,spotify:track:48KXAIruJ07kJVCWOGohMV,Pussy Fairy (OTW),Jhené Aiko,P*$$Y Fairy (OTW),['Jhené Aiko']
2020,95,spotify:track:62aP9fBQKYKxi7PDXwcUAS,ILY (I Love You Baby),Surf Mesa  Emilee,ily (i love you baby) (feat. Emilee),"['Surf Mesa', 'Emilee']"
2020,96,spotify:track:5OELUCYgOHKFAvCERnAvfS,More Than My Hometown,Morgan Wallen,More Than My Hometown,['Morgan Wallen']
2020,97,spotify:track:0nYvjcSlCgjcwogQAwIwNp,Lovin' on You,Luke Combs,Lovin' On You,['Luke Combs']
2020,98,spotify:track:3sKz6Sd72K0ofPWcJPPk6H,Said Sum,Moneybagg Yo,Said Sum,['Moneybagg Yo']
2020,99,spotify:track:2rTnVB1bvwxHtaIl4uVu7f,Slide,H.E.R.  YG,Slide,"['H.E.R.', 'YG']"
2020,100,spotify:track:1Z0cZI0UzNbP9L8MzzGxqf,Walk Em Down,NLE Choppa  Roddy Ricch,Walk Em Down (feat. Roddy Ricch),"['NLE Choppa', 'Roddy Ricch']"
2021,1,spotify:track:39LLxExYz6ewLAcYrzQQyP,Levitating,Dua Lipa,Levitating,['Dua Lipa']
2021,2,spotify:track:1oFAF1hdPOickyHgbuRjyX,Save Your Tears,The Weeknd and Ariana Grande,Save Your Tears (Remix) (with Ariana Grande) - Bonus Track,"['The Weeknd', 'Ariana Grande']"
2021,3,spotify:track:0VjIjW4GlUZAMYd2vXMi3b,Blinding Lights,The Weeknd,Blinding Lights,['The Weeknd']
2021,4,spotify:track:4jPy3l0RUwlUI9T5XHBW2m,Mood,24kGoldn  Iann Dior,Mood (feat. iann dior),"['24kGoldn', 'iann dior']"
2021,5,spotify:track:4ZtFanR9U6ndgddUvNcjcG,Good 4 U,Olivia Rodrigo,good 4 u,['Olivia Rodrigo']
2021,6,spotify:track:3DarAbFujv6eYNliUTyqtz,Kiss Me More,Doja Cat  SZA,Kiss Me More (feat. SZA),"['Doja Cat', 'SZA']"
2021,7,spotify:track:02VBYrHfVwfEWXk5DXyf0T,Leave the Door Open,Silk Sonic (Bruno Mars and Anderson .Paak),Leave The Door Open,"['Bruno Mars', 'Anderson .Paak', 'Silk Sonic']"
2021,8,spotify:track:5wANPM4fQCJwkGd4rN57mH,Drivers License,Olivia Rodrigo,drivers license,['Olivia Rodrigo']
2021,9,spotify:track:1SC5rEoYDGUK4NfG82494W,Montero (Call Me by Your Name),Lil Nas X,MONTERO (Call Me By Your Name),['Lil Nas X']
2021,10,spotify:track:4iJyoBOLtHqaGxP12qzhQI,Peaches,Justin Bieber  Daniel Caesar and Giveon,Peaches (feat. Daniel Caesar & Giveon),"['Justin Bieber', 'Daniel Caesar', 'Giveon']"
2021,11,spotify:track:1mWdTewIgB3gtBM3TOSFhB,Butter,BTS,Butter,['BTS']
2021,12,spotify:track:6uG7nfOe4MsYrdDUEe9KkX,Stay,The Kid Laroi and Justin Bieber,Jump!,"['Zakariah', 'Blessid Union Of Souls']"
2021,13,spotify:track:6HU7h9RYOaPRFeh0R3UeAr,Deja Vu,Olivia Rodrigo,deja vu,['Olivia Rodrigo']
2021,14,spotify:track:35mvY5S1H3J2QZyna3TFe0,Positions,Ariana Grande,positions,['Ariana Grande']
2021,15,spotify:track:3rmo8F54jFF8OgYsqTxm5d,Bad Habits,Ed Sheeran,Bad Habits,['Ed Sheeran']
2021,16,spotify:track:3USxtqRwSYz57Ewm6wWRMp,Heat Waves,Glass Animals,Heat Waves,['Glass Animals']
2021,17,spotify:track:1KMkcUvF7m3SDChDOa7i5L,Without You,The Kid Laroi,WITHOUT YOU,['The Kid LAROI']
2021,18,spotify:track:6IBcOGPsniK3Pso1wHIhew,Forever After All,Luke Combs,Forever After All,['Luke Combs']
2021,19,spotify:track:1IIKrJVP1C9N7iPtG6eOsK,Go Crazy,Chris Brown and Young Thug,Go Crazy,"['Chris Brown', 'Young Thug']"
2021,20,spotify:track:3Ofmpyhv5UAQ70mENzB277,Astronaut in the Ocean,Masked Wolf,Astronaut In The Ocean,['Masked Wolf']
2021,21,spotify:track:2sQH02O2HBCPJCztBrCWNa,34+35,Ariana Grande  Doja Cat and Megan Thee Stallion,"34+35 Remix (feat. Doja Cat, Megan Thee Stallion) - Remix","['Ariana Grande', 'Doja Cat', 'Megan Thee Stallion']"
2021,22,spotify:track:1tkg4EHVoqnhR6iFEXb60y,What You Know Bout Love,Pop Smoke,What You Know Bout Love,['Pop Smoke']
2021,23,spotify:track:7kDUspsoYfLkWnZR7qwHZl,My Ex's Best Friend,Machine Gun Kelly  Blackbear,my ex's best friend (with blackbear),"['mgk', 'blackbear']"
2021,24,spotify:track:1q7iN7clOcjbVqe2wH8AFo,Industry Baby,Lil Nas X and Jack Harlow,Industry Baby (Originally Performed by Lil Nas X and Jack Harlow),['3 Dope Brothas']
2021,25,spotify:track:20R4HfKloPKgXDqU7UKk3x,Therefore I Am,Billie Eilish,Therefore I Am,['Billie Eilish']
2021,26,spotify:track:1XXimziG1uhM0eDNCZCrUl,Up,Cardi B,Up,['Cardi B']
2021,27,spotify:track:58UKC45GPNTflCN6nwCUeF,Fancy Like,Walker Hayes,Fancy Like,['Walker Hayes']
2021,28,spotify:track:4MzXwWMhyBbmu6hOcLVD49,Dakiti,Bad Bunny and Jhay Cortez,DÁKITI,"['Bad Bunny', 'JHAYCO']"
2021,29,spotify:track:20BOju91NaEFK5Py4VJ2pp,Best Friend,Saweetie  Doja Cat,Best Friend (feat. Doja Cat),"['Saweetie', 'Doja Cat']"
2021,30,spotify:track:18vXApRmJSgQ6wG2ll9AOg,Rapstar,Polo G,RAPSTAR,['Polo G']
2021,31,spotify:track:3FAJ6O0NOHQV8Mc5Ri6ENp,Heartbreak Anniversary,Giveon,Heartbreak Anniversary,['Giveon']
2021,32,spotify:track:0PvFJmanyNQMseIFrU708S,For the Night,Pop Smoke  Lil Baby and DaBaby,For The Night (feat. Lil Baby & DaBaby),"['Pop Smoke', 'Lil Baby', 'DaBaby']"
2021,33,spotify:track:3J8EOeKLTLXORtWPpOU5bE,Calling My Phone,Lil Tjay and 6lack,Calling My Phone,"['Lil Tjay', '6LACK']"
2021,34,spotify:track:5zFglKYiknIxks8geR8rcL,Beautiful Mistakes,Maroon 5  Megan Thee Stallion,Beautiful Mistakes (feat. Megan Thee Stallion),"['Maroon 5', 'Megan Thee Stallion']"
2021,35,spotify:track:5u1n1kITHCxxp8twBcZxWy,Holy,Justin Bieber  Chance the Rapper,Holy (feat. Chance The Rapper),"['Justin Bieber', 'Chance the Rapper']"
2021,36,spotify:track:4Iedi94TIaB2GGb1nMB68v,On Me,Lil Baby,On Me,['Lil Baby']
2021,37,spotify:track:4l0RmWt52FxpVxMNni6i63,You Broke Me First,Tate McRae,you broke me first,['Tate McRae']
2021,38,spotify:track:5CZ40GBx1sQ9agT82CLQCT,Traitor,Olivia Rodrigo,traitor,['Olivia Rodrigo']
2021,39,spotify:track:7FGdjbZ32vMybPuP0IuE7d,Back in Blood,Pooh Shiesty  Lil Durk,Back in Blood (feat. Lil Durk),"['Pooh Shiesty', 'Lil Durk']"
2021,40,spotify:track:5cYFwgA5dHoqR3xGnlr9ew,I Hope,Gabby Barrett  Charlie Puth,I Hope (feat. Charlie Puth),"['Gabby Barrett', 'Charlie Puth']"
2021,41,spotify:track:5QDLhrAOJJdNAmCTJ8xMyW,Dynamite,BTS,Dynamite,['BTS']
2021,42,spotify:track:0nqhKXDjsyBMvbeWmgijD0,Wockesha,Moneybagg Yo,Wockesha,['Moneybagg Yo']
2021,43,spotify:track:00Blm7zeNqgYLPtW6zg8cj,You Right,Doja Cat and the Weeknd,One Right Now (with The Weeknd),"['Post Malone', 'The Weeknd']"
2021,44,spotify:track:3fHNHBb2eGLahIvoVa19zq,"Beat Box 2"" / ""Beat Box 3",SpotemGottem  Pooh Shiesty / SpotemGottem  DaBaby,Beat Box 2 (feat. Pooh Shiesty),"['SpotemGottem', 'Pooh Shiesty']"
2021,45,spotify:track:2SAqBLGA283SUiwJ3xOUVI,Laugh Now Cry Later,Drake  Lil Durk,Laugh Now Cry Later (feat. Lil Durk),"['Drake', 'Lil Durk']"
2021,46,spotify:track:3Vi5XqYrmQgOYBajMWSvCi,Need to Know,Doja Cat,Need to Know,['Doja Cat']
2021,47,spotify:track:65OVbaJR5O1RmwOQx0875b,Wants and Needs,Drake  Lil Baby,Wants and Needs (feat. Lil Baby),"['Drake', 'Lil Baby']"
2021,48,spotify:track:0k1WUmIRnG3xU6fvvDVfRG,Way 2 Sexy,Drake  Future and Young Thug,Way 2 Sexy (with Future & Young Thug),"['Drake', 'Future', 'Young Thug']"
2021,49,spotify:track:6tDDoYIxWvMLTdKpjFkc1B,Telepatía,Kali Uchis,telepatía,['Kali Uchis']
2021,50,spotify:track:5vGLcdRuSbUhD8ScwsGSdA,Whoopty,CJ,Whoopty,['CJ']
2021,51,spotify:track:1p0rEzrK7YtdRZVtiyV7RN,Lemonade,Internet Money and Gunna  Don Toliver and Nav,Lemonade (feat. NAV),"['Internet Money', 'Gunna', 'Don Toliver', 'NAV']"
2021,52,spotify:track:3YJJjQPAbDT7mGpX3WtQ9A,Good Days,SZA,Good Days,['SZA']
2021,53,spotify:track:3TNSVsiFngfe68UJpMq1oS,Starting Over,Chris Stapleton,Starting Over,['Chris Stapleton']
2021,54,spotify:track:0A1hoCfMLkiAgvhWkkucJa,Body,Megan Thee Stallion,Body,['Megan Thee Stallion']
2021,55,spotify:track:0lx2cLdOt3piJbcaXIV74f,Willow,Taylor Swift,willow,['Taylor Swift']
2021,56,spotify:track:4SQLQfcR0vhyIN4uPBlc0d,Bang!,AJR,Bang!,['AJR']
2021,57,spotify:track:6gdLyYNuhWBzqwlOFSsXC7,Better Together,Luke Combs,Better Together,['Luke Combs']
2021,58,spotify:track:6tiKwZppNjrls8RsPQwK6r,You're Mines Still,Yung Bleu  Drake,You're Mines Still (feat. Drake),"['Yung Bleu', 'Drake']"
2021,59,spotify:track:1EJIcDYXwSqipW5dFe4uJz,Every Chance I Get,DJ Khaled  Lil Baby and Lil Durk,EVERY CHANCE I GET (feat. Lil Baby & Lil Durk),"['DJ Khaled', 'Lil Baby', 'Lil Durk']"
2021,60,spotify:track:5FG7Tl93LdH117jEKYl3Cm,Essence,Wizkid  Justin Bieber and Tems,Essence (feat. Tems),"['Wizkid', 'Tems']"
2021,61,spotify:track:1ZIKpMTRPqhwAoVXWY3tXI,Chasing After You,Ryan Hurd and Maren Morris,Chasing After You (with Maren Morris),"['Ryan Hurd', 'Maren Morris']"
2021,62,spotify:track:3hLuHKzG1cmlRpq53ZVWd8,The Good Ones,Gabby Barrett,The Good Ones,['Gabby Barrett']
2021,63,spotify:track:1L3heY8BAY5vkZel5bn4tI,Leave Before You Love Me,Marshmello and Jonas Brothers,Leave Before You Love Me,"['Marshmello', 'Jonas Brothers']"
2021,64,spotify:track:472vIK1ldetTxRxG3ovaiY,Glad You Exist,Dan + Shay,Glad You Exist,['Dan + Shay']
2021,65,spotify:track:3S8jK1mGzQi24ilFb45DAZ,Lonely,Justin Bieber and Benny Blanco,Lonely (with benny blanco),"['Justin Bieber', 'benny blanco']"
2021,66,spotify:track:3Wrjm47oTz2sjIgck11l5e,Beggin',Måneskin,Beggin',['Måneskin']
2021,67,spotify:track:60ynsPSSKe6O3sfwRnIBRf,Streets,Doja Cat,Streets,['Doja Cat']
2021,68,spotify:track:3aQem4jVGdhtg116TmJnHz,What's Next,Drake,What’s Next,['Drake']
2021,69,spotify:track:00KyYtT6NaXwbPecina5Pj,Famous Friends,Chris Young and Kane Brown,Famous Friends,"['Chris Young', 'Kane Brown']"
2021,70,spotify:track:33aow0AcXYvT1FoWNzMcqN,Lil Bit,Nelly and Florida Georgia Line,Lil Bit (feat. Florida Georgia Line),"['Nelly', 'Florida Georgia Line']"
2021,71,spotify:track:5zNW5ARjYhJQJz1AChP33n,Thot Shit,Megan Thee Stallion,Thot Shit,['Megan Thee Stallion']
2021,72,spotify:track:6kksmL4t09IgxhajuVDDxR,Late at Night,Roddy Ricch,late at night,['Roddy Ricch']
2021,73,spotify:track:7a53HqqArd4b9NF4XAmlbI,Kings & Queens,Ava Max,Kings & Queens,['Ava Max']
2021,74,spotify:track:2WnAKZefdRHxtBEkRjFOHC,Anyone,Justin Bieber,Anyone,['Justin Bieber']
2021,75,spotify:track:5hChuUMe5iHfjkXgzj1D4b,Track Star,Mooski,Track Star,['Mooski']
2021,76,spotify:track:0YrKSfpvflYnLSBd4Jtu6J,Time Today,Moneybagg Yo,Time Today,['Moneybagg Yo']
2021,77,spotify:track:4aarlAfLKVCTxUDNgbwhjH,Cry Baby,Megan Thee Stallion  DaBaby,Cry Baby (feat. DaBaby),"['Megan Thee Stallion', 'DaBaby']"
2021,78,spotify:track:0bYg9bo50gSsH3LtXe2SQn,All I Want for Christmas Is You,Mariah Carey,All I Want for Christmas Is You,['Mariah Carey']
2021,79,spotify:track:5A4WcRuy0FFEAC5pAK43oa,No More Parties,Coi Leray  Lil Durk,No More Parties - Remix,"['Coi Leray', 'Lil Durk']"
2021,80,spotify:track:4oR2cCQGs0Yt0Mgr2diV6V,What's Your Country Song,Thomas Rhett,What’s Your Country Song,['Thomas Rhett']
2021,81,spotify:track:5NUXE8W12lWcUXgJRCjeEw,One Too Many,Keith Urban and Pink,One Too Many,"['Keith Urban', 'P!nk']"
2021,82,spotify:track:1Xi84slp6FryDSCbzq4UCD,Arcade,Duncan Laurence,Arcade,['Duncan Laurence']
2021,83,spotify:track:2JPLbjOn0wPCngEot2STUS,Yonaguni,Bad Bunny,Yonaguni,['Bad Bunny']
2021,84,spotify:track:2S8UMuLJ0z8agFgFGJ6Ztt,Good Time,Niko Moon,GOOD TIME,['Niko Moon']
2021,85,spotify:track:7IYoh1u7dFM1xIWSEYd5B8,If I Didn't Love You,Jason Aldean and Carrie Underwood,If I Didn’t Love You,"['Jason Aldean', 'Carrie Underwood']"
2021,86,spotify:track:2BcMwX1MPV6ZHP4tUT9uq6,Knife Talk,Drake  21 Savage and Project Pat,Knife Talk (with 21 Savage ft. Project Pat),"['Drake', '21 Savage', 'Project Pat']"
2021,87,spotify:track:3UoULw70kMsiVXxW0L3A33,POV,Ariana Grande,pov,['Ariana Grande']
2021,88,spotify:track:4h5OVQQbeqw3lNaFIbmlzG,Just the Way,Parmalee and Blanco Brown,Just the Way,"['Parmalee', 'Blanco Brown']"
2021,89,spotify:track:2vgUijXOTRMnWXDtvgMp2b,Take My Breath,The Weeknd,Take My Breath,['The Weeknd']
2021,90,spotify:track:1diS6nkxMQc3wwC4G1j0bh,We're Good,Dua Lipa,We're Good,['Dua Lipa']
2021,91,spotify:track:1kBx9VGumfuvlfqdlAGorE,Hell of a View,Eric Church,Hell Of A View,['Eric Church']
2021,92,spotify:track:2EjXfH91m7f8HiJN1yQg97,Rockin' Around the Christmas Tree,Brenda Lee,Rockin' Around The Christmas Tree,['Brenda Lee']
2021,93,spotify:track:6AGOKlMZWLCaEJGnaROtF9,Put Your Records On,Ritt Momney,Put Your Records On,['Ritt Momney']
2021,94,spotify:track:4RVwu0g32PAqgUiJoXsdF8,Happier Than Ever,Billie Eilish,Happier Than Ever,['Billie Eilish']
2021,95,spotify:track:1irAliF0T8sLIOPJp6n7rU,Single Saturday Night,Cole Swindell,Single Saturday Night,['Cole Swindell']
2021,96,spotify:track:3S0sk6DSTgesXsUSAEHNr5,Things a Man Oughta Know,Lainey Wilson,Things A Man Oughta Know,['Lainey Wilson']
2021,97,spotify:track:31iqpzg1ZXLLgq0L5iIwLe,Throat Baby (Go Baby),BRS Kash,Throat Baby (Go Baby),['BRS Kash']
2021,98,spotify:track:3zc8VZEpM1onYV4FWGdFvm,Tombstone,Rod Wave,Tombstone,['Rod Wave']
2021,99,spotify:track:0rOVgtieEk5SoypbulRiKI,Drinkin' Beer. Talkin' God. Amen.,Chase Rice  Florida Georgia Line,Drinkin’ Beer. Talkin’ God. Amen. (feat. Florida Georgia Line),"['Chase Rice', 'Florida Georgia Line']"
2021,100,spotify:track:3rdAz1fbUfZxYgaCviYhRo,Todo de Ti,Rauw Alejandro,Todo De Ti,['Rauw Alejandro']
2022,1,spotify:track:3USxtqRwSYz57Ewm6wWRMp,Heat Waves,Glass Animals,Heat Waves,['Glass Animals']
2022,2,spotify:track:4Dvkj6JhhA12EX05fT7y2e,As It Was,Harry Styles,As It Was,['Harry Styles']
2022,3,spotify:track:6uG7nfOe4MsYrdDUEe9KkX,Stay,The Kid Laroi and Justin Bieber,Jump!,"['Zakariah', 'Blessid Union Of Souls']"
2022,4,spotify:track:46IZ0fSY2mpAiktS3KOqds,Easy on Me,Adele,Easy On Me,['Adele']
2022,5,spotify:track:50nfwKoDiSYg8zOCREWAm5,Shivers,Ed Sheeran,Shivers,['Ed Sheeran']
2022,6,spotify:track:0wHFktze2PHC5jDt3B17DC,First Class,Jack Harlow,First Class,['Jack Harlow']
2022,7,spotify:track:6Zu3aw7FfjAF9WA0fA81Oq,Big Energy,Latto,Big Energy,['Latto']
2022,8,spotify:track:6I3mqTwhRpn34SLVafSH7G,Ghost,Justin Bieber,Ghost,['Justin Bieber']
2022,9,spotify:track:4A8cWXxKfIL3lAyUDzXbCF,Super Gremlin,Kodak Black,Super Gremlin,['Kodak Black']
2022,10,spotify:track:7rglLriMNBPAyuJOMGwi39,Cold Heart (Pnau Remix),Elton John and Dua Lipa,Cold Heart - PNAU Remix,"['Elton John', 'Dua Lipa', 'PNAU']"
2022,11,spotify:track:59nOXPmaKlBfGMDeOVGrIK,Wait for U,Future  Drake and Tems,WAIT FOR U (feat. Drake & Tems),"['Future', 'Drake', 'Tems']"
2022,12,spotify:track:1PckUlxKqWQs3RlWXVBLw3,About Damn Time,Lizzo,About Damn Time,['Lizzo']
2022,13,spotify:track:3rmo8F54jFF8OgYsqTxm5d,Bad Habits,Ed Sheeran,Bad Habits,['Ed Sheeran']
2022,14,spotify:track:0e8nrvls4Qqv5Rfa2UhqmO,Thats What I Want,Lil Nas X,THATS WHAT I WANT,['Lil Nas X']
2022,15,spotify:track:6Cydun8JbA2xA9fzzakWwY,Enemy,Imagine Dragons and JID,Enemy (Imagine Dragons and JID) - Piano Version,['Grim Cat Piano']
2022,16,spotify:track:1q7iN7clOcjbVqe2wH8AFo,Industry Baby,Lil Nas X and Jack Harlow,Industry Baby (Originally Performed by Lil Nas X and Jack Harlow),['3 Dope Brothas']
2022,17,spotify:track:4fouWK6XVHhzl78KzQ1UjL,ABCDEFU,Gayle,abcdefu,['GAYLE']
2022,18,spotify:track:3Vi5XqYrmQgOYBajMWSvCi,Need to Know,Doja Cat,Need to Know,['Doja Cat']
2022,19,spotify:track:3cBsEDNhFI9E82vPj3kvi3,Wasted on You,Morgan Wallen,Wasted On You,['Morgan Wallen']
2022,20,spotify:track:6Sq7ltF9Qa7SNFBsV5Cogx,Me Porto Bonito,Bad Bunny and Chencho Corleone,Me Porto Bonito,"['Bad Bunny', 'Chencho Corleone']"
2022,21,spotify:track:6Uj1ctrBOjOas8xZXGqKk4,Woman,Doja Cat,Woman,['Doja Cat']
2022,22,spotify:track:1IHWl5LamUGEuP4ozKQSXZ,Tití Me Preguntó,Bad Bunny,Tití Me Preguntó,['Bad Bunny']
2022,23,spotify:track:1PtQJZVZIdWIYdARpZRDFO,Running Up That Hill (A Deal with God),Kate Bush,Running Up That Hill (A Deal With God),['Kate Bush']
2022,24,spotify:track:52xJxFP6TqMuO4Yt0eOkMz,We Don't Talk About Bruno,"Carolina Gaitán, Mauro Castillo, Adassa, Rhenzy Feliz, Diane Guerrero, Stephanie Beatriz and the Encanto cast",We Don't Talk About Bruno,"['Carolina Gaitán', 'Mauro Castillo', 'Adassa', 'Rhenzy Feliz', 'Diane Guerrero', 'Stephanie Beatriz', 'Encanto - Cast']"
2022,25,spotify:track:1qEmFfgcLObUfQm0j1W2CK,Late Night Talking,Harry Styles,Late Night Talking,['Harry Styles']
2022,26,spotify:track:0O6u0VJ46W86TxN9wgyqDj,I Like You (A Happier Song),Post Malone  Doja Cat,I Like You (A Happier Song) (with Doja Cat),"['Post Malone', 'Doja Cat']"
2022,27,spotify:track:5W4kiM2cUYBJXKRudNyxjW,You Proof,Morgan Wallen,You Proof,['Morgan Wallen']
2022,28,spotify:track:4k6Uh1HXdhtusDW5y8Gbvy,Bad Habit,Steve Lacy,Bad Habit,['Steve Lacy']
2022,29,spotify:track:5YqEzk3C5c3UZ1D5fJUlXA,Sunroof,Nicky Youre and Dazy,Sunroof,"['Nicky Youre', 'dazy']"
2022,30,spotify:track:1nltpRhEiXikwDlVn4UADk,One Right Now,Post Malone and the Weeknd,One Right Now (with The Weeknd),"['Post Malone', 'The Weeknd']"
2022,31,spotify:track:4ZtFanR9U6ndgddUvNcjcG,Good 4 U,Olivia Rodrigo,good 4 u,['Olivia Rodrigo']
2022,32,spotify:track:3o9kpgkIcffx0iSwxhuNI2,Numb Little Bug,Em Beihold,Numb Little Bug,['Em Beihold']
2022,33,spotify:track:3F5CgOj3wFlRv51JsHbxhe,Jimmy Cooks,Drake  21 Savage,Jimmy Cooks (feat. 21 Savage),"['Drake', '21 Savage']"
2022,34,spotify:track:4k3lPl8YTKuY8c1HelVnm3,'Til You Can't,Cody Johnson,'Til You Can't,['Cody Johnson']
2022,35,spotify:track:58UKC45GPNTflCN6nwCUeF,Fancy Like,Walker Hayes,Fancy Like,['Walker Hayes']
2022,36,spotify:track:28n8z9IQKyjMPxmvYMBqZa,The Kind of Love We Make,Luke Combs,The Kind of Love We Make,['Luke Combs']
2022,37,spotify:track:4h9wh7iOZ0GGn8QVp4RAOB,I Ain't Worried,OneRepublic,I Ain't Worried,['OneRepublic']
2022,38,spotify:track:5pyoxDZ1PX0KxBxiRVxA4U,Break My Soul,Beyoncé,BREAK MY SOUL,['Beyoncé']
2022,39,spotify:track:3WMj8moIAXJhHsyLaqIIHI,Something in the Orange,Zach Bryan,Something in the Orange,['Zach Bryan']
2022,40,spotify:track:1oFAF1hdPOickyHgbuRjyX,Save Your Tears,The Weeknd and Ariana Grande,Save Your Tears (Remix) (with Ariana Grande) - Bonus Track,"['The Weeknd', 'Ariana Grande']"
2022,41,spotify:track:3xVZYkcuWalGudeKl861wb,Smokin out the Window,Silk Sonic (Bruno Mars and Anderson .Paak),Smokin Out The Window,"['Bruno Mars', 'Anderson .Paak', 'Silk Sonic']"
2022,42,spotify:track:39LLxExYz6ewLAcYrzQQyP,Levitating,Dua Lipa,Levitating,['Dua Lipa']
2022,43,spotify:track:31lopd32BkJBTSgYE16c5e,In a Minute,Lil Baby,In A Minute,['Lil Baby']
2022,44,spotify:track:6Xom58OOXk2SoU711L2IXO,Moscow Mule,Bad Bunny,Moscow Mule,['Bad Bunny']
2022,45,spotify:track:00Blm7zeNqgYLPtW6zg8cj,You Right,Doja Cat and the Weeknd,One Right Now (with The Weeknd),"['Post Malone', 'The Weeknd']"
2022,46,spotify:track:200x8ONbPfFzByUr3fVz46,She Had Me at Heads Carolina,Cole Swindell,She Had Me At Heads Carolina,['Cole Swindell']
2022,47,spotify:track:3FWwi61OP7vXEikwqhZCPZ,Vegas,Doja Cat,Vegas,['Doja Cat']
2022,48,spotify:track:3XOalgusokruzA5ZBA2Qcb,Pushin P,Gunna and Future  Young Thug,pushin P (feat. Young Thug),"['Gunna', 'Future', 'Young Thug']"
2022,49,spotify:track:69AIpwGNLxr4qS1X5ynx60,Buy Dirt,Jordan Davis and Luke Bryan,Buy Dirt,"['Jordan Davis', 'Luke Bryan']"
2022,50,spotify:track:2aJnyNu4PQxQ2lyj5boiMG,I Hate U,SZA,I Hate U,['SZA']
2022,51,spotify:track:59CfNbkERJ3NoTXDvoURjj,Boyfriend,Dove Cameron,Boyfriend,['Dove Cameron']
2022,52,spotify:track:6xGruZOHLs39ZbVccQTuPZ,Glimpse of Us,Joji,Glimpse of Us,['Joji']
2022,53,spotify:track:760jhRscwGbIIe1m1IIQpU,Surface Pressure,Jessica Darrow,Surface Pressure,['Jessica Darrow']
2022,54,spotify:track:0rCFRyEy4WXjRXNpO80Dzs,Fall in Love,Bailey Zimmerman,Fall In Love,['Bailey Zimmerman']
2022,55,spotify:track:2Xr1dTzJee307rmrkt8c0g,Love Nwantiti (Ah Ah Ah),CKay,love nwantiti (ah ah ah),['CKay']
2022,56,spotify:track:4C6Uex2ILwJi9sZXRdmqXp,Super Freaky Girl,Nicki Minaj,Super Freaky Girl,['Nicki Minaj']
2022,57,spotify:track:3ncmoWTwJgx63LwMTyBCXf,Hrs and Hrs,Muni Long,Hrs & Hrs,['Muni Long']
2022,58,spotify:track:0uRrG2jRR5tuifsYIJHEao,Sand in My Boots,Morgan Wallen,Sand In My Boots,['Morgan Wallen']
2022,59,spotify:track:7FlQk2gJ6TBrHHiidvdR2O,Mamiii,Becky G and Karol G,MAMIII,"['Becky G', 'KAROL G']"
2022,60,spotify:track:2BcMwX1MPV6ZHP4tUT9uq6,Knife Talk,Drake  21 Savage and Project Pat,Knife Talk (with 21 Savage ft. Project Pat),"['Drake', '21 Savage', 'Project Pat']"
2022,61,spotify:track:77oKig47u34qCCFWKMfu1e,AA,Walker Hayes,AA,['Walker Hayes']
2022,62,spotify:track:12W3pDsHMFZIPzM9MXs7Qn,Sweetest Pie,Megan Thee Stallion and Dua Lipa,Sweetest Pie,"['Megan Thee Stallion', 'Dua Lipa']"
2022,63,spotify:track:3HqcNJdZ2seoGxhn0wVNDK,Provenza,Karol G,PROVENZA,['KAROL G']
2022,64,spotify:track:5FG7Tl93LdH117jEKYl3Cm,Essence,Wizkid  Justin Bieber and Tems,Essence (feat. Tems),"['Wizkid', 'Tems']"
2022,65,spotify:track:0bYg9bo50gSsH3LtXe2SQn,All I Want for Christmas Is You,Mariah Carey,All I Want for Christmas Is You,['Mariah Carey']
2022,66,spotify:track:0QBzMgT7NIeoCYy3sJCof1,Bam Bam,Camila Cabello  Ed Sheeran,Bam Bam (feat. Ed Sheeran),"['Camila Cabello', 'Ed Sheeran']"
2022,67,spotify:track:6AqwH2Y9FJwhUE2dCSkw1u,5 Foot 9,Tyler Hubbard,5 Foot 9,['Tyler Hubbard']
2022,68,spotify:track:0W6I02J9xcqK8MtSeosEXb,Get Into It (Yuh),Doja Cat,Get Into It (Yuh),['Doja Cat']
2022,69,spotify:track:5Eax0qFko2dh7Rl2lYs3bx,Efecto,Bad Bunny,Efecto,['Bad Bunny']
2022,70,spotify:track:1TE8AAk9koG0UJco6ZAUfx,Rock and a Hard Place,Bailey Zimmerman,Rock and A Hard Place,['Bailey Zimmerman']
2022,71,spotify:track:6TpyujRefwsflWFXbmjVpj,Doin' This,Luke Combs,Doin' This,['Luke Combs']
2022,72,spotify:track:3Kkjo3cT83cw09VJyrLNwX,Oh My God,Adele,Oh My God,['Adele']
2022,73,spotify:track:6f5ExP43esnvdKPddwKXJH,Better Days,"Neiked, Mae Muller and Polo G",Better Days (NEIKED x Mae Muller x Polo G),"['NEIKED', 'Mae Muller', 'Polo G']"
2022,74,spotify:track:3D7BpZ01kLRcjTGelbu83N,Meet Me at Our Spot,The Anxiety: Willow and Tyler Cole,Meet Me At Our Spot,"['THE ANXIETY', 'WILLOW', 'Tyler Cole']"
2022,75,spotify:track:4wH7ZoqgETaACS9BlUkvuY,Fingers Crossed,Lauren Spencer-Smith,Fingers Crossed,['Lauren Spencer Smith']
2022,76,spotify:track:3nsfB1vus2qaloUdcBZvDu,All Too Well (Taylor's Version),Taylor Swift,All Too Well (Taylor's Version),['Taylor Swift']
2022,77,spotify:track:4tYFy8ALRjIZvnvSLw5lxN,Party,Bad Bunny and Rauw Alejandro,Party,"['Bad Bunny', 'Rauw Alejandro']"
2022,78,spotify:track:1dm6z1fWB0cErMszU25dy2,Después de la Playa,Bad Bunny,Después de la Playa,['Bad Bunny']
2022,79,spotify:track:2UikqkwBv7aIvlixeVXHWt,You Should Probably Leave,Chris Stapleton,You Should Probably Leave,['Chris Stapleton']
2022,80,spotify:track:2EjXfH91m7f8HiJN1yQg97,Rockin' Around the Christmas Tree,Brenda Lee,Rockin' Around The Christmas Tree,['Brenda Lee']
2022,81,spotify:track:7qTaDOcld0VmBWXnkbUj45,Broadway Girls,Lil Durk  Morgan Wallen,Broadway Girls (feat. Morgan Wallen),"['Lil Durk', 'Morgan Wallen']"
2022,82,spotify:track:7g0Zfd5J6Hzx9M2fRUMuba,Take My Name,Parmalee,Take My Name,['Parmalee']
2022,83,spotify:track:7ohROa13QK43JBRqfCmz4P,What Happened to Virgil,Lil Durk  Gunna,What Happened To Virgil (feat. Gunna),"['Lil Durk', 'Gunna']"
2022,84,spotify:track:1qMMYpVatbRITKCfq1gasi,Puffin on Zootiez,Future,PUFFIN ON ZOOTIEZ,['Future']
2022,85,spotify:track:3j1xkzTW8owIphkWV51V9s,Like I Love Country Music,Kane Brown,Like I Love Country Music,['Kane Brown']
2022,86,spotify:track:7vQbuQcyTflfCIOu3Uzzya,Jingle Bell Rock,Bobby Helms,Jingle Bell Rock,['Bobby Helms']
2022,87,spotify:track:3laLiRlOtNA6HBKklPSE1E,Ojitos Lindos,Bad Bunny and Bomba Estéreo,Ojitos Rojos,['Julio Caesar']
2022,88,spotify:track:0P9c1rdCeGAkCeS425KbI5,Trouble with a Heartbreak,Jason Aldean,Trouble with a Heartbreak,['Jason Aldean']
2022,89,spotify:track:77khP2fIVhSW23NwxrRluh,A Holly Jolly Christmas,Burl Ives,A Holly Jolly Christmas,['Burl Ives']
2022,90,spotify:track:3DarAbFujv6eYNliUTyqtz,Kiss Me More,Doja Cat  SZA,Kiss Me More (feat. SZA),"['Doja Cat', 'SZA']"
2022,91,spotify:track:4uJDDG8vXJ6fZHtTfrPfMX,She Likes It,Russell Dickerson  Jake Scott,She Likes It (feat. Jake Scott),"['Russell Dickerson', 'Jake Scott']"
2022,92,spotify:track:3iYEsBl8NBq1o1j5uY2Noe,Never Say Never,Cole Swindell and Lainey Wilson,Never Say Never (with Lainey Wilson),"['Cole Swindell', 'Lainey Wilson']"
2022,93,spotify:track:4jp9FimhP2bQ93vR0A5r7b,Damn Strait,Scotty McCreery,Damn Strait,['Scotty McCreery']
2022,94,spotify:track:7l9IqDtVWJurTvkQHq1BGh,She's All I Wanna Be,Tate McRae,she's all i wanna be,['Tate McRae']
2022,95,spotify:track:0k11c8vwyeNSGQex6UMa1v,Last Night Lonely,Jon Pardi,Last Night Lonely,['Jon Pardi']
2022,96,spotify:track:1DbZAffh8GGwW41Q3AU8iC,Flower Shops,Ernest  Morgan Wallen,Flower Shops (feat. Morgan Wallen),"['ERNEST', 'Morgan Wallen']"
2022,97,spotify:track:5vUnjhBzRJJIAOJPde6zDx,To the Moon,Jnr Choi and Sam Tompkins,TO THE MOON,"['JNR CHOI', 'Sam Tompkins']"
2022,98,spotify:track:6u650jIeGkvSsh8wA6ZjNM,Unholy,Sam Smith and Kim Petras,forever love,"['Alqama Ansari', 'DJ Singh']"
2022,99,spotify:track:4FdPnT2cFrpWCmWZd7GXc3,One Mississippi,Kane Brown,One Mississippi,['Kane Brown']
2022,100,spotify:track:13G5xv1wUKvJYbK0wYmioN,Circles Around This Town,Maren Morris,Circles Around This Town,['Maren Morris']
2023,1,spotify:track:59uQI0PADDKeE6UZDTJEe8,Last Night,Morgan Wallen,Last Night,['Morgan Wallen']
2023,2,spotify:track:7DSAEUvxU8FajXtRloy8M0,Flowers,Miley Cyrus,Flowers,['Miley Cyrus']
2023,3,spotify:track:3OHfY25tqY28d16oZczHc8,Kill Bill,SZA,Kill Bill,['SZA']
2023,4,spotify:track:0V3wPSX9ygBnCm8psDIegu,Anti-Hero,Taylor Swift,Anti-Hero,['Taylor Swift']
2023,5,spotify:track:2dHHgzDwk4BJdRwy9uXhTO,Creepin',"Metro Boomin, the Weeknd and 21 Savage",Creepin' (with The Weeknd & 21 Savage),"['Metro Boomin', 'The Weeknd', '21 Savage']"
2023,6,spotify:track:0WtM2NBVQNNJLh6scP13H8,Calm Down,Rema and Selena Gomez,Calm Down (with Selena Gomez),"['Rema', 'Selena Gomez']"
2023,7,spotify:track:3522B65PmklhZ7w7Z86FV2,Die for You,The Weeknd and Ariana Grande,Die For You (made popular by The Weeknd and Ariana Grande) [backing version],['Party Tyme']
2023,8,spotify:track:1Lo0QY9cvc8sUB2vnIOxDT,Fast Car,Luke Combs,Fast Car,['Luke Combs']
2023,9,spotify:track:4iZ4pt7kvcaH6Yo8UoZ4s2,Snooze,SZA,Snooze,['SZA']
2023,10,spotify:track:68NaWutYrE6BcbWuY49HYP,I'm Good (Blue),David Guetta and Bebe Rexha,"I'm Good (Blue) [feat. Bebe Rexha, Ludmilla and LIT killah] - 2023 Version","['David Guetta', 'LUDMILLA', 'LIT killah', 'Bebe Rexha']"
2023,11,spotify:track:6u650jIeGkvSsh8wA6ZjNM,Unholy,Sam Smith and Kim Petras,forever love,"['Alqama Ansari', 'DJ Singh']"
2023,12,spotify:track:5W4kiM2cUYBJXKRudNyxjW,You Proof,Morgan Wallen,You Proof,['Morgan Wallen']
2023,13,spotify:track:3WMj8moIAXJhHsyLaqIIHI,Something in the Orange,Zach Bryan,Something in the Orange,['Zach Bryan']
2023,14,spotify:track:6W0rsrqnOIBgbaYZNXagmC,Rich Flex,Drake and 21 Savage,Water,['Q Presents:']
2023,15,spotify:track:4Dvkj6JhhA12EX05fT7y2e,As It Was,Harry Styles,As It Was,['Harry Styles']
2023,16,spotify:track:1TE8AAk9koG0UJco6ZAUfx,Rock and a Hard Place,Bailey Zimmerman,Rock and A Hard Place,['Bailey Zimmerman']
2023,17,spotify:track:5IgjP7X4th6nMNDh4akUHb,Under the Influence,Chris Brown,Under The Influence,['Chris Brown']
2023,18,spotify:track:1BxfuPKGuaTgP7aM0Bbdwr,Cruel Summer,Taylor Swift,Cruel Summer,['Taylor Swift']
2023,19,spotify:track:0PAcdVzhPO4gq1Iym9ESnK,Thinkin' Bout Me,Morgan Wallen,Thinkin’ Bout Me,['Morgan Wallen']
2023,20,spotify:track:6AQbmUe0Qwf5PZnt4HmTXv,Boy's a Liar Pt. 2,PinkPantheress and Ice Spice,Boy's a liar Pt. 2,"['PinkPantheress', 'Ice Spice']"
2023,21,spotify:track:1SRw5p2lVAi7RGlHEmZg66,Favorite Song,Toosii,Favorite Song,['Toosii']
2023,22,spotify:track:3Qu3Zh4WTKhP9GEXo0aDnb,Thought You Should Know,Morgan Wallen,Thought You Should Know,['Morgan Wallen']
2023,23,spotify:track:1brnLTvarI9D1hLP6z2Ar8,Thank God,Kane Brown and Katelyn Brown,Thank God,"['Kane Brown', 'Katelyn Brown']"
2023,24,spotify:track:0JXXNGljqupsJaZsgSbMZV,Sure Thing,Miguel,Sure Thing,['Miguel']
2023,25,spotify:track:6HgWWaMu31KdOpEG5l28BG,All My Life,Lil Durk  J. Cole,All My Life (feat. J. Cole),"['Lil Durk', 'J. Cole']"
2023,26,spotify:track:3dnP0JxCgygwQH9Gm7q7nb,Ella Baila Sola,Eslabon Armado and Peso Pluma,Ella Baila Sola,"['Eslabon Armado', 'Peso Pluma']"
2023,27,spotify:track:4i6cwNY6oIUU2XZxPIw82Y,Karma,Taylor Swift  Ice Spice,Karma (feat. Ice Spice),"['Taylor Swift', 'Ice Spice']"
2023,28,spotify:track:4FyesJzVpA39hbYvcseO2d,Just Wanna Rock,Lil Uzi Vert,Just Wanna Rock,['Lil Uzi Vert']
2023,29,spotify:track:1xzi1Jcr7mEi9K2RfzLOqS,Cuff It,Beyoncé,CUFF IT,['Beyoncé']
2023,30,spotify:track:1kuGVB7EU95pJObxwvfwKS,Vampire,Olivia Rodrigo,vampire,['Olivia Rodrigo']
2023,31,spotify:track:4rXLjWdF2ZZpXCVTfWcshS,FukUMean,Gunna,fukumean,['Gunna']
2023,32,spotify:track:5jQI2r1RdgtuT8S3iG8zFC,Lavender Haze,Taylor Swift,Lavender Haze,['Taylor Swift']
2023,33,spotify:track:6UN73IYd0hZxLi8wFPMQij,Players,Coi Leray,Players,['Coi Leray']
2023,34,spotify:track:07on0OB2cdPt79IFsgdRUy,Need a Favor,Jelly Roll,Need A Favor,['Jelly Roll']
2023,35,spotify:track:1vYXt7VSjH9JIM5oRRo7vA,Dance the Night,Dua Lipa,Dance The Night - From Barbie The Album,['Dua Lipa']
2023,36,spotify:track:2kYevr8cbIAH2ha8210Bnz,Love You Anyway,Luke Combs,Love You Anyway,['Luke Combs']
2023,37,spotify:track:2YVlDlk2zRceefo6XlC6DX,One Thing at a Time,Morgan Wallen,Ain’t That Some,['Morgan Wallen']
2023,38,spotify:track:0vjeOZ3Ft5jvAi9SBFJm1j,Superhero (Heroes & Villains),"Metro Boomin, Future and Chris Brown",Superhero (Heroes & Villains) [with Future & Chris Brown],"['Metro Boomin', 'Future', 'Chris Brown']"
2023,39,spotify:track:4k6Uh1HXdhtusDW5y8Gbvy,Bad Habit,Steve Lacy,Bad Habit,['Steve Lacy']
2023,40,spotify:track:2UW7JaomAMuX9pZrjVpHAU,La Bebé,Yng Lvcas and Peso Pluma,La Bebe - Remix,"['Yng Lvcas', 'Peso Pluma']"
2023,41,spotify:track:5odlY52u43F5BjByhxg7wg,Golden Hour,Jvke,golden hour,['JVKE']
2023,42,spotify:track:0bILU0UiNDmA5Ff6whhb2R,Religiously,Bailey Zimmerman,Religiously,['Bailey Zimmerman']
2023,43,spotify:track:2ZL7WZcjuYKi1KUDtp4kCC,Spin Bout U,Drake and 21 Savage,Spin Bout U,"['Drake', '21 Savage']"
2023,44,spotify:track:4gXHG9domIKO6FIViDISA4,Cupid,Fifty Fifty,Cupid (Twin Ver.) - Live Studio Version OT4,['FIFTY FIFTY']
2023,45,spotify:track:7aRCf5cLOFN1U7kvtChY1G,Search & Rescue,Drake,Search & Rescue,['Drake']
2023,46,spotify:track:741UUVE2kuITl0c6zuqqbO,Barbie World,Nicki Minaj and Ice Spice with Aqua,Barbie World (with Aqua) [From Barbie The Album],"['Nicki Minaj', 'Ice Spice', 'Aqua']"
2023,47,spotify:track:2lNTHWu2I5Tcz9ukWsV5Jj,Next Thing You Know,Jordan Davis,Next Thing You Know,['Jordan Davis']
2023,48,spotify:track:5mHdCZtVyb4DcJw8799hZp,Escapism,Raye  070 Shake,Escapism.,"['RAYE', '070 Shake']"
2023,49,spotify:track:2yzshFeBIwH8tWIqHEFLeD,Un x100to,Grupo Frontera and Bad Bunny,un x100to,"['Grupo Frontera', 'Bad Bunny']"
2023,50,spotify:track:0T5iIrXA4p5GsubkhuBIKV,Until I Found You,Stephen Sanchez,Until I Found You,['Stephen Sanchez']
2023,51,spotify:track:2wSTnntOPRi7aQneobFtU4,Shirt,SZA,Shirt,['SZA']
2023,52,spotify:track:2IGMVunIBsBLtEQyoI1Mu7,Paint the Town Red,Doja Cat,Paint The Town Red,['Doja Cat']
2023,53,spotify:track:0QHEIqNKsMoOY5urbzN48u,Made You Look,Meghan Trainor,Made You Look,['Meghan Trainor']
2023,54,spotify:track:6fDlK6P4s3BVMls9EmfCWI,Wait in the Truck,Hardy  Lainey Wilson,wait in the truck,"['HARDY', 'Lainey Wilson']"
2023,55,spotify:track:0bYg9bo50gSsH3LtXe2SQn,All I Want for Christmas Is You,Mariah Carey,All I Want for Christmas Is You,['Mariah Carey']
2023,56,spotify:track:0cv6mTbrqr8vxGC31NjKtM,Everything I Love,Morgan Wallen,Everything I Love,['Morgan Wallen']
2023,57,spotify:track:5w40ZYhbBMAlHYNDaVJIUu,Chemical,Post Malone,Chemical,['Post Malone']
2023,58,spotify:track:5DIBVDJOHh7djepAjKHWCO,Heart Like a Truck,Lainey Wilson,Heart Like A Truck,['Lainey Wilson']
2023,59,spotify:track:67AdiJcurlf6gocGobfaXs,"Going, Going, Gone",Luke Combs,"Going, Going, Gone",['Luke Combs']
2023,60,spotify:track:2EjXfH91m7f8HiJN1yQg97,Rockin' Around the Christmas Tree,Brenda Lee,Rockin' Around The Christmas Tree,['Brenda Lee']
2023,61,spotify:track:2KtGiBi5CrX2ERPD2PAS34,Dancin' in the Country,Tyler Hubbard,Dancin’ In The Country,['Tyler Hubbard']
2023,62,spotify:track:1odExI7RdWc4BT515LTAwj,Daylight,David Kushner,Daylight,['David Kushner']
2023,63,spotify:track:35ovElsgyAtQwYPYnZJECg,Lift Me Up,Rihanna,Lift Me Up - From Black Panther: Wakanda Forever - Music From and Inspired By,['Rihanna']
2023,64,spotify:track:3p7XQpdt8Dr6oMXSvRZ9bg,Eyes Closed,Ed Sheeran,Eyes Closed,['Ed Sheeran']
2023,65,spotify:track:0ZcX47SrMzeKgzht0YluCR,TQG,Karol G and Shakira,TQG,"['KAROL G', 'Shakira']"
2023,66,spotify:track:5BqI4ugJL5WaPRQ6MlC8Ho,Try That in a Small Town,Jason Aldean,Try That In A Small Town,['Jason Aldean']
2023,67,spotify:track:3fl4zil6HJ0N1FL3YIRwdC,Tennessee Orange,Megan Moroney,Tennessee Orange,['Megan Moroney']
2023,68,spotify:track:7vQbuQcyTflfCIOu3Uzzya,Jingle Bell Rock,Bobby Helms,Jingle Bell Rock,['Bobby Helms']
2023,69,spotify:track:0ZxhtATQ0a6EvQNZ0z6NKV,Princess Diana,Ice Spice and Nicki Minaj,Princess Diana (with Nicki Minaj),"['Ice Spice', 'Nicki Minaj']"
2023,70,spotify:track:0WNfQxDGaPTl0yogcMR5v1,Tomorrow 2,GloRilla and Cardi B,Tomorrow 2 (with Cardi B),"['GloRilla', 'Cardi B']"
2023,71,spotify:track:77khP2fIVhSW23NwxrRluh,A Holly Jolly Christmas,Burl Ives,A Holly Jolly Christmas,['Burl Ives']
2023,72,spotify:track:7ro0hRteUMfnOioTFI5TG1,Where She Goes,Bad Bunny,WHERE SHE GOES,['Bad Bunny']
2023,73,spotify:track:0IKeDy5bT9G0bA7ZixRT4A,Bebe Dame,Fuerza Regida and Grupo Frontera,Bebe Dame,"['Fuerza Regida', 'Grupo Frontera']"
2023,74,spotify:track:4KULAymBBJcPRpk1yO4dOG,I Remember Everything,Zach Bryan  Kacey Musgraves,I Remember Everything (feat. Kacey Musgraves),"['Zach Bryan', 'Kacey Musgraves']"
2023,75,spotify:track:0O6u0VJ46W86TxN9wgyqDj,I Like You (A Happier Song),Post Malone  Doja Cat,I Like You (A Happier Song) (with Doja Cat),"['Post Malone', 'Doja Cat']"
2023,76,spotify:track:1O8zCu3dLLPxkbGfIsbRgE,What It Is (Block Boy),Doechii  Kodak Black,What It Is (Block Boy) (with Kodak Black),"['Doechii', 'Kodak Black']"
2023,77,spotify:track:5Y35SjAfXjjG0sFQ3KOxmm,Nobody Gets Me,SZA,Nobody Gets Me,['SZA']
2023,78,spotify:track:78Du4CMFgnhdlG33gblkiP,Rich Men North of Richmond,Oliver Anthony Music,Rich Men North of Richmond,['Oliver Anthony Music']
2023,79,spotify:track:4C6Uex2ILwJi9sZXRdmqXp,Super Freaky Girl,Nicki Minaj,Super Freaky Girl,['Nicki Minaj']
2023,80,spotify:track:22VHOlVYBqytsrAqV8yXBK,Dial Drunk,Noah Kahan and Post Malone,Dial Drunk (with Post Malone),"['Noah Kahan', 'Post Malone']"
2023,81,spotify:track:6wf7Yu7cxBSPrRlWeSeK0Q,What Was I Made For?,Billie Eilish,"What Was I Made For? [From The Motion Picture ""Barbie""]",['Billie Eilish']
2023,82,spotify:track:7x9aauaA9cu6tyfpHnqDLo,Seven,Jungkook  Latto,Seven (feat. Latto),"['Jung Kook', 'Latto']"
2023,83,spotify:track:59nOXPmaKlBfGMDeOVGrIK,Wait for U,Future  Drake and Tems,WAIT FOR U (feat. Drake & Tems),"['Future', 'Drake', 'Tems']"
2023,84,spotify:track:2FRnf9qhLbvw8fu4IBXx78,Last Christmas,Wham!,Last Christmas,['Wham!']
2023,85,spotify:track:4reXo2zg1uhEIpUAacDb9C,Handle on You,Parker McCollum,Handle On You,['Parker McCollum']
2023,86,spotify:track:6YWME4xCa5Lm6X1exVMQIC,Por Las Noches,Peso Pluma,Por Las Noches,['Peso Pluma']
2023,87,spotify:track:5kB6WithhB8Iv08EMNmAbt,Memory Lane,Old Dominion,Memory Lane,['Old Dominion']
2023,88,spotify:track:7sliFe6W30tPBPh6dvZsIH,Area Codes,Kaliii,Area Codes,['Kaliii']
2023,89,spotify:track:4EKH0ajMHXTkq4ztWuztVH,Bury Me in Georgia,Kane Brown,Bury Me in Georgia,['Kane Brown']
2023,90,spotify:track:2mpoNBkngUEwnaKoBhZ0vl,PRC,Peso Pluma and Natanael Cano,PRC,"['Peso Pluma', 'Natanael Cano']"
2023,91,spotify:track:6vjZxvzdAeHp7jv3R398Xm,What My World Spins Around,Jordan Davis,What My World Spins Around,['Jordan Davis']
2023,92,spotify:track:2YVlDlk2zRceefo6XlC6DX,Ain't That Some,Morgan Wallen,Ain’t That Some,['Morgan Wallen']
2023,93,spotify:track:4RG7P0CXQ4pe0OeCAHjX5L,Wild as Her,Corey Kent,Wild as Her,['Corey Kent']
2023,94,spotify:track:2KcQ0PbPj0O3P48B9YX7iN,Peaches & Eggplants,Young Nudy  21 Savage,Peaches & Eggplants (feat. 21 Savage),"['Young Nudy', '21 Savage']"
2023,95,spotify:track:7phmBo7bB9I9YifAXqnlqV,I Wrote the Book,Morgan Wallen,I Wrote The Book,['Morgan Wallen']
2023,96,spotify:track:4nrPB8O7Y7wsOCJdgXkthe,"Bzrp Music Sessions, Vol. 53",Bizarrap and Shakira,"Shakira: Bzrp Music Sessions, Vol. 53","['Bizarrap', 'Shakira']"
2023,97,spotify:track:67nepsnrcZkowTxMWigSbb,Meltdown,Travis Scott  Drake,MELTDOWN (feat. Drake),"['Travis Scott', 'Drake']"
2023,98,spotify:track:6c6WmIHcHlhccEwSFBhzNa,Put It on da Floor Again,Latto  Cardi B,Put It On Da Floor Again (feat. Cardi B),"['Latto', 'Cardi B']"
2023,99,spotify:track:11BKm0j4eYoCPPpCONAVwA,Bloody Mary,Lady Gaga,Bloody Mary,['Lady Gaga']
2023,100,spotify:track:3sYBFUXTv0STUoUINx9Qe8,Watermelon Moonshine,Lainey Wilson,Watermelon Moonshine,['Lainey Wilson']
